{
  "id": "3492363",
  "name": "no name",
  "font_family": "iconfont",
  "css_prefix_text": "icon-",
  "description": "",
  "glyphs": [
    {
      "icon_id": "1132473",
      "name": "水暖气工程",
      "font_class": "shuinuanqigongcheng",
      "unicode": "e636",
      "unicode_decimal": 58934
    },
    {
      "icon_id": "1264641",
      "name": "好房拓 4.0.0 iconfont 2_热水器",
      "font_class": "haofangtuo400iconfont2reshuiqi",
      "unicode": "e6fc",
      "unicode_decimal": 59132
    },
    {
      "icon_id": "1367319",
      "name": "煤气天然气",
      "font_class": "meiqitianranqi",
      "unicode": "e60e",
      "unicode_decimal": 58894
    },
    {
      "icon_id": "4762909",
      "name": "电视机",
      "font_class": "dianshiji",
      "unicode": "e90a",
      "unicode_decimal": 59658
    },
    {
      "icon_id": "4762912",
      "name": "冰箱",
      "font_class": "bingxiang",
      "unicode": "e90b",
      "unicode_decimal": 59659
    },
    {
      "icon_id": "4762918",
      "name": "洗衣机",
      "font_class": "xiyiji",
      "unicode": "e90d",
      "unicode_decimal": 59661
    },
    {
      "icon_id": "4762919",
      "name": "空调",
      "font_class": "kongtiao",
      "unicode": "e90e",
      "unicode_decimal": 59662
    },
    {
      "icon_id": "5024128",
      "name": "沙发",
      "font_class": "shafa",
      "unicode": "e61c",
      "unicode_decimal": 58908
    },
    {
      "icon_id": "5643631",
      "name": "衣柜",
      "font_class": "yigui",
      "unicode": "e60a",
      "unicode_decimal": 58890
    },
    {
      "icon_id": "15112775",
      "name": "宽带",
      "font_class": "kuandai",
      "unicode": "e614",
      "unicode_decimal": 58900
    }
  ]
}
